Image_ID,Image_Path,Obstacle_Present,Water_Body,Soil_Type,Vegetation_Density (%),Label
0001,/images/synthetic_image_0001.jpg,No,Yes,Sandy,29,1
0002,/images/synthetic_image_0002.jpg,Yes,Yes,Clay,62,0
0003,/images/synthetic_image_0003.jpg,No,Yes,Loamy,12,1
0004,/images/synthetic_image_0004.jpg,No,Yes,Loamy,75,1
0005,/images/synthetic_image_0005.jpg,Yes,Yes,Clay,44,1
0006,/images/synthetic_image_0006.jpg,Yes,Yes,Loamy,48,0
0007,/images/synthetic_image_0007.jpg,Yes,No,Loamy,65,1
0008,/images/synthetic_image_0008.jpg,Yes,Yes,Loamy,89,1
0009,/images/synthetic_image_0009.jpg,Yes,No,Clay,49,0
0010,/images/synthetic_image_0010.jpg,Yes,Yes,Clay,37,1
0011,/images/synthetic_image_0011.jpg,Yes,No,Sandy,31,0
0012,/images/synthetic_image_0012.jpg,No,Yes,Clay,63,1
0013,/images/synthetic_image_0013.jpg,Yes,Yes,Clay,58,1
0014,/images/synthetic_image_0014.jpg,Yes,Yes,Clay,30,1
0015,/images/synthetic_image_0015.jpg,No,Yes,Clay,65,1
0016,/images/synthetic_image_0016.jpg,No,Yes,Clay,77,1
0017,/images/synthetic_image_0017.jpg,Yes,Yes,Loamy,86,1
0018,/images/synthetic_image_0018.jpg,Yes,Yes,Clay,88,0
0019,/images/synthetic_image_0019.jpg,Yes,Yes,Loamy,12,0
0020,/images/synthetic_image_0020.jpg,Yes,Yes,Clay,45,1
0021,/images/synthetic_image_0021.jpg,Yes,No,Clay,78,1
0022,/images/synthetic_image_0022.jpg,Yes,Yes,Sandy,68,0
0023,/images/synthetic_image_0023.jpg,Yes,No,Loamy,53,1
0024,/images/synthetic_image_0024.jpg,No,No,Loamy,76,1
0025,/images/synthetic_image_0025.jpg,No,Yes,Loamy,26,1
0026,/images/synthetic_image_0026.jpg,Yes,No,Clay,69,1
0027,/images/synthetic_image_0027.jpg,Yes,No,Sandy,27,1
0028,/images/synthetic_image_0028.jpg,No,Yes,Clay,68,0
0029,/images/synthetic_image_0029.jpg,Yes,Yes,Sandy,27,1
0030,/images/synthetic_image_0030.jpg,No,Yes,Loamy,20,1
0031,/images/synthetic_image_0031.jpg,Yes,Yes,Sandy,11,1
0032,/images/synthetic_image_0032.jpg,No,Yes,Sandy,78,0
0033,/images/synthetic_image_0033.jpg,Yes,Yes,Sandy,78,0
0034,/images/synthetic_image_0034.jpg,Yes,No,Clay,13,0
0035,/images/synthetic_image_0035.jpg,No,No,Sandy,22,1
0036,/images/synthetic_image_0036.jpg,Yes,No,Loamy,89,1
0037,/images/synthetic_image_0037.jpg,No,Yes,Sandy,14,1
0038,/images/synthetic_image_0038.jpg,No,Yes,Sandy,14,1
0039,/images/synthetic_image_0039.jpg,No,Yes,Loamy,24,1
0040,/images/synthetic_image_0040.jpg,No,No,Clay,28,0
0041,/images/synthetic_image_0041.jpg,Yes,No,Clay,30,1
0042,/images/synthetic_image_0042.jpg,Yes,No,Loamy,88,1
0043,/images/synthetic_image_0043.jpg,Yes,Yes,Loamy,17,1
0044,/images/synthetic_image_0044.jpg,Yes,Yes,Sandy,83,1
0045,/images/synthetic_image_0045.jpg,Yes,No,Sandy,41,1
0046,/images/synthetic_image_0046.jpg,No,No,Clay,28,1
0047,/images/synthetic_image_0047.jpg,Yes,No,Sandy,73,0
0048,/images/synthetic_image_0048.jpg,Yes,Yes,Loamy,75,0
0049,/images/synthetic_image_0049.jpg,Yes,No,Clay,53,1
0050,/images/synthetic_image_0050.jpg,Yes,No,Loamy,53,1
0051,/images/synthetic_image_0051.jpg,Yes,No,Sandy,19,1
0052,/images/synthetic_image_0052.jpg,Yes,No,Sandy,78,0
0053,/images/synthetic_image_0053.jpg,No,Yes,Clay,47,0
0054,/images/synthetic_image_0054.jpg,Yes,No,Loamy,53,1
0055,/images/synthetic_image_0055.jpg,No,No,Loamy,82,1
0056,/images/synthetic_image_0056.jpg,Yes,No,Loamy,89,1
0057,/images/synthetic_image_0057.jpg,Yes,No,Clay,62,0
0058,/images/synthetic_image_0058.jpg,Yes,No,Clay,79,0
0059,/images/synthetic_image_0059.jpg,No,Yes,Clay,84,1
0060,/images/synthetic_image_0060.jpg,No,Yes,Clay,72,0
0061,/images/synthetic_image_0061.jpg,Yes,Yes,Sandy,88,0
0062,/images/synthetic_image_0062.jpg,No,Yes,Sandy,34,1
0063,/images/synthetic_image_0063.jpg,Yes,No,Loamy,86,1
0064,/images/synthetic_image_0064.jpg,Yes,No,Sandy,95,1
0065,/images/synthetic_image_0065.jpg,No,No,Loamy,58,1
0066,/images/synthetic_image_0066.jpg,No,No,Loamy,51,1
0067,/images/synthetic_image_0067.jpg,No,No,Sandy,29,1
0068,/images/synthetic_image_0068.jpg,No,No,Sandy,42,1
0069,/images/synthetic_image_0069.jpg,Yes,Yes,Clay,45,1
0070,/images/synthetic_image_0070.jpg,Yes,Yes,Clay,26,1
0071,/images/synthetic_image_0071.jpg,Yes,Yes,Loamy,47,1
0072,/images/synthetic_image_0072.jpg,Yes,No,Loamy,94,0
0073,/images/synthetic_image_0073.jpg,No,Yes,Clay,42,0
0074,/images/synthetic_image_0074.jpg,No,Yes,Clay,68,1
0075,/images/synthetic_image_0075.jpg,No,Yes,Loamy,86,1
0076,/images/synthetic_image_0076.jpg,No,No,Sandy,64,1
0077,/images/synthetic_image_0077.jpg,No,No,Clay,17,1
0078,/images/synthetic_image_0078.jpg,No,No,Sandy,12,1
0079,/images/synthetic_image_0079.jpg,Yes,No,Sandy,61,1
0080,/images/synthetic_image_0080.jpg,No,Yes,Sandy,95,0
0081,/images/synthetic_image_0081.jpg,Yes,No,Clay,46,1
0082,/images/synthetic_image_0082.jpg,Yes,No,Loamy,77,1
0083,/images/synthetic_image_0083.jpg,Yes,No,Clay,79,1
0084,/images/synthetic_image_0084.jpg,Yes,No,Clay,48,1
0085,/images/synthetic_image_0085.jpg,Yes,Yes,Loamy,95,0
0086,/images/synthetic_image_0086.jpg,No,No,Sandy,56,0
0087,/images/synthetic_image_0087.jpg,No,No,Sandy,83,1
0088,/images/synthetic_image_0088.jpg,No,No,Loamy,42,1
0089,/images/synthetic_image_0089.jpg,Yes,Yes,Clay,65,1
0090,/images/synthetic_image_0090.jpg,No,Yes,Loamy,43,0
0091,/images/synthetic_image_0091.jpg,Yes,Yes,Sandy,75,1
0092,/images/synthetic_image_0092.jpg,Yes,Yes,Sandy,58,1
0093,/images/synthetic_image_0093.jpg,Yes,No,Sandy,88,1
0094,/images/synthetic_image_0094.jpg,Yes,Yes,Sandy,17,0
0095,/images/synthetic_image_0095.jpg,Yes,Yes,Clay,65,1
0096,/images/synthetic_image_0096.jpg,No,No,Loamy,64,1
0097,/images/synthetic_image_0097.jpg,No,Yes,Clay,72,0
0098,/images/synthetic_image_0098.jpg,No,Yes,Loamy,78,1
0099,/images/synthetic_image_0099.jpg,Yes,No,Sandy,49,1
0100,/images/synthetic_image_0100.jpg,Yes,Yes,Loamy,69,1
0101,/images/synthetic_image_0101.jpg,Yes,No,Clay,32,1
0102,/images/synthetic_image_0102.jpg,Yes,Yes,Sandy,10,1
0103,/images/synthetic_image_0103.jpg,No,Yes,Loamy,98,1
0104,/images/synthetic_image_0104.jpg,Yes,No,Sandy,21,1
0105,/images/synthetic_image_0105.jpg,Yes,Yes,Clay,71,0
0106,/images/synthetic_image_0106.jpg,No,No,Loamy,90,1
0107,/images/synthetic_image_0107.jpg,Yes,Yes,Loamy,94,1
0108,/images/synthetic_image_0108.jpg,Yes,No,Clay,96,1
0109,/images/synthetic_image_0109.jpg,No,No,Clay,94,0
0110,/images/synthetic_image_0110.jpg,No,No,Loamy,42,1
0111,/images/synthetic_image_0111.jpg,No,No,Sandy,96,0
0112,/images/synthetic_image_0112.jpg,No,Yes,Clay,37,1
0113,/images/synthetic_image_0113.jpg,Yes,No,Clay,58,1
0114,/images/synthetic_image_0114.jpg,No,No,Loamy,16,1
0115,/images/synthetic_image_0115.jpg,No,Yes,Clay,62,1
0116,/images/synthetic_image_0116.jpg,No,No,Sandy,17,1
0117,/images/synthetic_image_0117.jpg,Yes,No,Sandy,85,1
0118,/images/synthetic_image_0118.jpg,No,Yes,Loamy,44,0
0119,/images/synthetic_image_0119.jpg,No,No,Sandy,13,1
0120,/images/synthetic_image_0120.jpg,No,No,Loamy,94,0
0121,/images/synthetic_image_0121.jpg,No,No,Clay,87,1
0122,/images/synthetic_image_0122.jpg,No,No,Clay,21,1
0123,/images/synthetic_image_0123.jpg,No,No,Clay,34,0
0124,/images/synthetic_image_0124.jpg,No,Yes,Sandy,12,0
0125,/images/synthetic_image_0125.jpg,Yes,No,Loamy,28,0
0126,/images/synthetic_image_0126.jpg,Yes,No,Clay,74,0
0127,/images/synthetic_image_0127.jpg,No,No,Loamy,17,1
0128,/images/synthetic_image_0128.jpg,No,Yes,Sandy,49,1
0129,/images/synthetic_image_0129.jpg,No,No,Loamy,94,1
0130,/images/synthetic_image_0130.jpg,No,No,Loamy,70,1
0131,/images/synthetic_image_0131.jpg,Yes,Yes,Loamy,56,1
0132,/images/synthetic_image_0132.jpg,Yes,No,Loamy,80,0
0133,/images/synthetic_image_0133.jpg,Yes,Yes,Clay,46,1
0134,/images/synthetic_image_0134.jpg,No,Yes,Loamy,40,1
0135,/images/synthetic_image_0135.jpg,No,No,Sandy,69,1
0136,/images/synthetic_image_0136.jpg,Yes,No,Sandy,98,1
0137,/images/synthetic_image_0137.jpg,Yes,Yes,Sandy,93,0
0138,/images/synthetic_image_0138.jpg,No,Yes,Loamy,89,0
0139,/images/synthetic_image_0139.jpg,No,Yes,Loamy,71,1
0140,/images/synthetic_image_0140.jpg,No,No,Clay,78,0
0141,/images/synthetic_image_0141.jpg,No,Yes,Loamy,86,1
0142,/images/synthetic_image_0142.jpg,Yes,No,Clay,47,1
0143,/images/synthetic_image_0143.jpg,Yes,No,Sandy,87,0
0144,/images/synthetic_image_0144.jpg,Yes,Yes,Loamy,58,0
0145,/images/synthetic_image_0145.jpg,No,Yes,Loamy,50,1
0146,/images/synthetic_image_0146.jpg,No,No,Sandy,39,1
0147,/images/synthetic_image_0147.jpg,No,No,Sandy,67,0
0148,/images/synthetic_image_0148.jpg,No,No,Loamy,20,1
0149,/images/synthetic_image_0149.jpg,Yes,No,Loamy,42,1
0150,/images/synthetic_image_0150.jpg,Yes,No,Sandy,16,0
0151,/images/synthetic_image_0151.jpg,No,No,Loamy,53,1
0152,/images/synthetic_image_0152.jpg,No,Yes,Loamy,28,1
0153,/images/synthetic_image_0153.jpg,No,Yes,Clay,84,1
0154,/images/synthetic_image_0154.jpg,No,Yes,Sandy,68,1
0155,/images/synthetic_image_0155.jpg,No,Yes,Clay,30,1
0156,/images/synthetic_image_0156.jpg,No,Yes,Sandy,94,0
0157,/images/synthetic_image_0157.jpg,No,Yes,Clay,70,1
0158,/images/synthetic_image_0158.jpg,Yes,Yes,Sandy,74,1
0159,/images/synthetic_image_0159.jpg,Yes,Yes,Clay,14,0
0160,/images/synthetic_image_0160.jpg,Yes,No,Loamy,93,0
0161,/images/synthetic_image_0161.jpg,Yes,No,Sandy,77,1
0162,/images/synthetic_image_0162.jpg,No,No,Loamy,69,1
0163,/images/synthetic_image_0163.jpg,Yes,Yes,Loamy,46,1
0164,/images/synthetic_image_0164.jpg,Yes,Yes,Loamy,73,0
0165,/images/synthetic_image_0165.jpg,No,Yes,Clay,62,1
0166,/images/synthetic_image_0166.jpg,Yes,No,Sandy,28,0
0167,/images/synthetic_image_0167.jpg,No,No,Clay,26,1
0168,/images/synthetic_image_0168.jpg,No,No,Sandy,12,1
0169,/images/synthetic_image_0169.jpg,Yes,No,Loamy,85,1
0170,/images/synthetic_image_0170.jpg,No,Yes,Sandy,58,1
0171,/images/synthetic_image_0171.jpg,Yes,No,Loamy,64,0
0172,/images/synthetic_image_0172.jpg,Yes,No,Sandy,77,1
0173,/images/synthetic_image_0173.jpg,Yes,Yes,Clay,93,1
0174,/images/synthetic_image_0174.jpg,Yes,Yes,Sandy,62,1
0175,/images/synthetic_image_0175.jpg,No,No,Sandy,25,1
0176,/images/synthetic_image_0176.jpg,Yes,No,Loamy,40,0
0177,/images/synthetic_image_0177.jpg,No,Yes,Sandy,37,0
0178,/images/synthetic_image_0178.jpg,No,Yes,Sandy,78,0
0179,/images/synthetic_image_0179.jpg,Yes,Yes,Clay,92,1
0180,/images/synthetic_image_0180.jpg,Yes,Yes,Sandy,33,1
0181,/images/synthetic_image_0181.jpg,Yes,No,Sandy,93,0
0182,/images/synthetic_image_0182.jpg,Yes,No,Loamy,52,1
0183,/images/synthetic_image_0183.jpg,Yes,No,Loamy,17,1
0184,/images/synthetic_image_0184.jpg,No,No,Clay,39,1
0185,/images/synthetic_image_0185.jpg,Yes,Yes,Loamy,41,1
0186,/images/synthetic_image_0186.jpg,No,Yes,Clay,23,1
0187,/images/synthetic_image_0187.jpg,No,No,Sandy,67,1
0188,/images/synthetic_image_0188.jpg,Yes,Yes,Sandy,62,1
0189,/images/synthetic_image_0189.jpg,No,Yes,Sandy,57,0
0190,/images/synthetic_image_0190.jpg,Yes,Yes,Clay,53,1
0191,/images/synthetic_image_0191.jpg,No,No,Clay,16,0
0192,/images/synthetic_image_0192.jpg,Yes,Yes,Clay,85,1
0193,/images/synthetic_image_0193.jpg,No,No,Sandy,65,1
0194,/images/synthetic_image_0194.jpg,No,Yes,Loamy,48,0
0195,/images/synthetic_image_0195.jpg,No,No,Clay,53,0
0196,/images/synthetic_image_0196.jpg,No,No,Loamy,45,0
0197,/images/synthetic_image_0197.jpg,No,No,Loamy,48,0
0198,/images/synthetic_image_0198.jpg,Yes,No,Loamy,23,1
0199,/images/synthetic_image_0199.jpg,Yes,No,Sandy,71,1
0200,/images/synthetic_image_0200.jpg,No,No,Clay,83,1
0201,/images/synthetic_image_0201.jpg,No,Yes,Sandy,67,0
0202,/images/synthetic_image_0202.jpg,No,Yes,Loamy,11,0
0203,/images/synthetic_image_0203.jpg,Yes,Yes,Clay,78,1
0204,/images/synthetic_image_0204.jpg,No,Yes,Loamy,86,1
0205,/images/synthetic_image_0205.jpg,Yes,No,Sandy,80,0
0206,/images/synthetic_image_0206.jpg,Yes,Yes,Clay,35,1
0207,/images/synthetic_image_0207.jpg,No,Yes,Clay,11,1
0208,/images/synthetic_image_0208.jpg,Yes,No,Loamy,10,0
0209,/images/synthetic_image_0209.jpg,No,Yes,Clay,27,1
0210,/images/synthetic_image_0210.jpg,Yes,No,Clay,88,1
0211,/images/synthetic_image_0211.jpg,No,No,Loamy,75,0
0212,/images/synthetic_image_0212.jpg,Yes,Yes,Loamy,11,0
0213,/images/synthetic_image_0213.jpg,No,No,Sandy,73,1
0214,/images/synthetic_image_0214.jpg,No,Yes,Loamy,54,0
0215,/images/synthetic_image_0215.jpg,No,No,Sandy,43,0
0216,/images/synthetic_image_0216.jpg,No,No,Clay,63,1
0217,/images/synthetic_image_0217.jpg,No,No,Clay,26,0
0218,/images/synthetic_image_0218.jpg,Yes,Yes,Loamy,10,1
0219,/images/synthetic_image_0219.jpg,Yes,No,Sandy,67,1
0220,/images/synthetic_image_0220.jpg,Yes,Yes,Clay,67,1
0221,/images/synthetic_image_0221.jpg,Yes,No,Loamy,89,0
0222,/images/synthetic_image_0222.jpg,No,No,Sandy,53,0
0223,/images/synthetic_image_0223.jpg,No,No,Clay,51,1
0224,/images/synthetic_image_0224.jpg,No,Yes,Sandy,54,0
0225,/images/synthetic_image_0225.jpg,No,No,Loamy,91,1
0226,/images/synthetic_image_0226.jpg,No,Yes,Clay,68,1
0227,/images/synthetic_image_0227.jpg,Yes,No,Sandy,26,1
0228,/images/synthetic_image_0228.jpg,No,No,Loamy,52,1
0229,/images/synthetic_image_0229.jpg,Yes,No,Sandy,44,0
0230,/images/synthetic_image_0230.jpg,No,No,Clay,53,1
0231,/images/synthetic_image_0231.jpg,Yes,Yes,Clay,71,0
0232,/images/synthetic_image_0232.jpg,No,No,Clay,66,0
0233,/images/synthetic_image_0233.jpg,Yes,Yes,Clay,71,1
0234,/images/synthetic_image_0234.jpg,No,Yes,Sandy,48,0
0235,/images/synthetic_image_0235.jpg,No,Yes,Clay,97,1
0236,/images/synthetic_image_0236.jpg,No,No,Sandy,84,1
0237,/images/synthetic_image_0237.jpg,No,No,Clay,67,1
0238,/images/synthetic_image_0238.jpg,Yes,No,Loamy,56,0
0239,/images/synthetic_image_0239.jpg,No,Yes,Loamy,85,1
0240,/images/synthetic_image_0240.jpg,No,No,Sandy,30,1
0241,/images/synthetic_image_0241.jpg,No,Yes,Sandy,64,1
0242,/images/synthetic_image_0242.jpg,Yes,No,Loamy,44,1
0243,/images/synthetic_image_0243.jpg,Yes,No,Clay,82,1
0244,/images/synthetic_image_0244.jpg,No,No,Clay,13,1
0245,/images/synthetic_image_0245.jpg,Yes,Yes,Clay,19,0
0246,/images/synthetic_image_0246.jpg,No,No,Sandy,57,1
0247,/images/synthetic_image_0247.jpg,No,No,Loamy,13,1
0248,/images/synthetic_image_0248.jpg,No,No,Clay,49,1
0249,/images/synthetic_image_0249.jpg,No,No,Loamy,90,1
0250,/images/synthetic_image_0250.jpg,No,Yes,Clay,38,1
0251,/images/synthetic_image_0251.jpg,No,Yes,Loamy,71,1
0252,/images/synthetic_image_0252.jpg,Yes,Yes,Clay,83,0
0253,/images/synthetic_image_0253.jpg,No,No,Loamy,25,1
0254,/images/synthetic_image_0254.jpg,Yes,No,Clay,52,0
0255,/images/synthetic_image_0255.jpg,Yes,No,Clay,13,1
0256,/images/synthetic_image_0256.jpg,Yes,Yes,Loamy,57,1
0257,/images/synthetic_image_0257.jpg,Yes,No,Loamy,88,1
0258,/images/synthetic_image_0258.jpg,Yes,Yes,Sandy,26,1
0259,/images/synthetic_image_0259.jpg,No,Yes,Sandy,63,0
0260,/images/synthetic_image_0260.jpg,No,No,Clay,49,0
0261,/images/synthetic_image_0261.jpg,Yes,No,Sandy,64,1
0262,/images/synthetic_image_0262.jpg,Yes,No,Sandy,20,1
0263,/images/synthetic_image_0263.jpg,No,Yes,Clay,51,0
0264,/images/synthetic_image_0264.jpg,Yes,Yes,Clay,48,1
0265,/images/synthetic_image_0265.jpg,No,No,Loamy,55,1
0266,/images/synthetic_image_0266.jpg,No,Yes,Sandy,18,1
0267,/images/synthetic_image_0267.jpg,Yes,Yes,Loamy,48,0
0268,/images/synthetic_image_0268.jpg,Yes,Yes,Loamy,64,1
0269,/images/synthetic_image_0269.jpg,No,Yes,Loamy,59,1
0270,/images/synthetic_image_0270.jpg,No,No,Loamy,64,1
0271,/images/synthetic_image_0271.jpg,Yes,Yes,Sandy,93,0
0272,/images/synthetic_image_0272.jpg,No,No,Loamy,85,1
0273,/images/synthetic_image_0273.jpg,No,Yes,Sandy,41,1
0274,/images/synthetic_image_0274.jpg,Yes,Yes,Sandy,86,1
0275,/images/synthetic_image_0275.jpg,No,Yes,Sandy,81,0
0276,/images/synthetic_image_0276.jpg,Yes,Yes,Sandy,51,0
0277,/images/synthetic_image_0277.jpg,Yes,No,Clay,70,1
0278,/images/synthetic_image_0278.jpg,No,Yes,Sandy,13,0
0279,/images/synthetic_image_0279.jpg,Yes,No,Sandy,41,1
0280,/images/synthetic_image_0280.jpg,No,Yes,Loamy,50,1
0281,/images/synthetic_image_0281.jpg,No,No,Clay,89,1
0282,/images/synthetic_image_0282.jpg,No,No,Sandy,44,1
0283,/images/synthetic_image_0283.jpg,No,No,Clay,92,1
0284,/images/synthetic_image_0284.jpg,No,Yes,Loamy,18,1
0285,/images/synthetic_image_0285.jpg,No,No,Sandy,67,1
0286,/images/synthetic_image_0286.jpg,No,Yes,Sandy,70,1
0287,/images/synthetic_image_0287.jpg,No,No,Sandy,84,1
0288,/images/synthetic_image_0288.jpg,No,Yes,Sandy,77,1
0289,/images/synthetic_image_0289.jpg,No,No,Loamy,24,1
0290,/images/synthetic_image_0290.jpg,Yes,No,Loamy,63,1
0291,/images/synthetic_image_0291.jpg,Yes,No,Loamy,51,1
0292,/images/synthetic_image_0292.jpg,Yes,Yes,Clay,57,1
0293,/images/synthetic_image_0293.jpg,No,No,Sandy,28,1
0294,/images/synthetic_image_0294.jpg,No,Yes,Loamy,54,1
0295,/images/synthetic_image_0295.jpg,No,No,Clay,91,1
0296,/images/synthetic_image_0296.jpg,Yes,No,Loamy,14,1
0297,/images/synthetic_image_0297.jpg,No,No,Sandy,73,1
0298,/images/synthetic_image_0298.jpg,Yes,Yes,Clay,49,1
0299,/images/synthetic_image_0299.jpg,Yes,No,Loamy,67,1
0300,/images/synthetic_image_0300.jpg,No,Yes,Sandy,95,1
0301,/images/synthetic_image_0301.jpg,Yes,Yes,Sandy,59,0
0302,/images/synthetic_image_0302.jpg,Yes,Yes,Loamy,98,1
0303,/images/synthetic_image_0303.jpg,No,No,Sandy,25,0
0304,/images/synthetic_image_0304.jpg,Yes,No,Loamy,77,1
0305,/images/synthetic_image_0305.jpg,Yes,No,Loamy,73,1
0306,/images/synthetic_image_0306.jpg,Yes,No,Loamy,88,0
0307,/images/synthetic_image_0307.jpg,No,No,Clay,59,1
0308,/images/synthetic_image_0308.jpg,No,Yes,Clay,37,0
0309,/images/synthetic_image_0309.jpg,No,No,Sandy,60,1
0310,/images/synthetic_image_0310.jpg,Yes,No,Loamy,27,1
0311,/images/synthetic_image_0311.jpg,Yes,No,Clay,73,1
0312,/images/synthetic_image_0312.jpg,Yes,Yes,Loamy,14,1
0313,/images/synthetic_image_0313.jpg,Yes,Yes,Loamy,25,0
0314,/images/synthetic_image_0314.jpg,Yes,Yes,Clay,32,0
0315,/images/synthetic_image_0315.jpg,Yes,No,Sandy,28,1
0316,/images/synthetic_image_0316.jpg,Yes,Yes,Sandy,85,1
0317,/images/synthetic_image_0317.jpg,No,Yes,Clay,91,1
0318,/images/synthetic_image_0318.jpg,Yes,Yes,Loamy,92,0
0319,/images/synthetic_image_0319.jpg,Yes,Yes,Loamy,53,0
0320,/images/synthetic_image_0320.jpg,Yes,No,Loamy,50,1
0321,/images/synthetic_image_0321.jpg,No,Yes,Clay,86,0
0322,/images/synthetic_image_0322.jpg,Yes,No,Sandy,22,1
0323,/images/synthetic_image_0323.jpg,Yes,Yes,Sandy,44,0
0324,/images/synthetic_image_0324.jpg,Yes,Yes,Loamy,60,1
0325,/images/synthetic_image_0325.jpg,Yes,No,Sandy,65,0
0326,/images/synthetic_image_0326.jpg,Yes,Yes,Clay,88,1
0327,/images/synthetic_image_0327.jpg,No,No,Loamy,22,0
0328,/images/synthetic_image_0328.jpg,No,No,Sandy,47,0
0329,/images/synthetic_image_0329.jpg,Yes,Yes,Loamy,31,1
0330,/images/synthetic_image_0330.jpg,No,Yes,Sandy,50,0
0331,/images/synthetic_image_0331.jpg,No,No,Sandy,60,1
0332,/images/synthetic_image_0332.jpg,No,No,Loamy,11,1
0333,/images/synthetic_image_0333.jpg,Yes,No,Loamy,97,1
0334,/images/synthetic_image_0334.jpg,No,No,Loamy,39,1
0335,/images/synthetic_image_0335.jpg,Yes,No,Clay,49,0
0336,/images/synthetic_image_0336.jpg,Yes,Yes,Loamy,62,1
0337,/images/synthetic_image_0337.jpg,No,Yes,Sandy,89,1
0338,/images/synthetic_image_0338.jpg,Yes,No,Sandy,31,1
0339,/images/synthetic_image_0339.jpg,No,No,Clay,19,0
0340,/images/synthetic_image_0340.jpg,No,Yes,Loamy,25,0
0341,/images/synthetic_image_0341.jpg,Yes,Yes,Sandy,46,1
0342,/images/synthetic_image_0342.jpg,Yes,Yes,Clay,56,1
0343,/images/synthetic_image_0343.jpg,Yes,Yes,Loamy,17,1
0344,/images/synthetic_image_0344.jpg,No,No,Loamy,75,0
0345,/images/synthetic_image_0345.jpg,Yes,Yes,Sandy,35,1
0346,/images/synthetic_image_0346.jpg,No,Yes,Loamy,62,0
0347,/images/synthetic_image_0347.jpg,Yes,No,Sandy,26,1
0348,/images/synthetic_image_0348.jpg,No,Yes,Clay,22,1
0349,/images/synthetic_image_0349.jpg,Yes,No,Clay,57,1
0350,/images/synthetic_image_0350.jpg,Yes,Yes,Clay,33,1
0351,/images/synthetic_image_0351.jpg,Yes,Yes,Loamy,40,0
0352,/images/synthetic_image_0352.jpg,Yes,No,Clay,11,1
0353,/images/synthetic_image_0353.jpg,No,Yes,Loamy,91,0
0354,/images/synthetic_image_0354.jpg,No,Yes,Sandy,73,0
0355,/images/synthetic_image_0355.jpg,No,No,Sandy,31,1
0356,/images/synthetic_image_0356.jpg,Yes,Yes,Loamy,57,1
0357,/images/synthetic_image_0357.jpg,Yes,No,Clay,68,1
0358,/images/synthetic_image_0358.jpg,No,Yes,Sandy,89,1
0359,/images/synthetic_image_0359.jpg,No,Yes,Loamy,34,0
0360,/images/synthetic_image_0360.jpg,No,No,Sandy,71,1
0361,/images/synthetic_image_0361.jpg,Yes,No,Sandy,25,1
0362,/images/synthetic_image_0362.jpg,No,Yes,Clay,80,1
0363,/images/synthetic_image_0363.jpg,No,No,Sandy,22,1
0364,/images/synthetic_image_0364.jpg,Yes,No,Sandy,76,0
0365,/images/synthetic_image_0365.jpg,No,No,Loamy,95,1
0366,/images/synthetic_image_0366.jpg,Yes,Yes,Sandy,91,1
0367,/images/synthetic_image_0367.jpg,Yes,No,Clay,63,1
0368,/images/synthetic_image_0368.jpg,Yes,No,Clay,33,1
0369,/images/synthetic_image_0369.jpg,No,No,Sandy,62,1
0370,/images/synthetic_image_0370.jpg,Yes,Yes,Sandy,80,1
0371,/images/synthetic_image_0371.jpg,Yes,Yes,Loamy,76,1
0372,/images/synthetic_image_0372.jpg,Yes,Yes,Clay,37,1
0373,/images/synthetic_image_0373.jpg,No,No,Loamy,31,1
0374,/images/synthetic_image_0374.jpg,No,Yes,Sandy,19,1
0375,/images/synthetic_image_0375.jpg,No,Yes,Loamy,16,1
0376,/images/synthetic_image_0376.jpg,No,Yes,Loamy,89,1
0377,/images/synthetic_image_0377.jpg,No,No,Loamy,84,1
0378,/images/synthetic_image_0378.jpg,No,Yes,Sandy,41,1
0379,/images/synthetic_image_0379.jpg,Yes,Yes,Clay,67,1
0380,/images/synthetic_image_0380.jpg,Yes,Yes,Clay,64,1
0381,/images/synthetic_image_0381.jpg,No,No,Clay,54,1
0382,/images/synthetic_image_0382.jpg,No,No,Sandy,84,1
0383,/images/synthetic_image_0383.jpg,Yes,Yes,Loamy,16,1
0384,/images/synthetic_image_0384.jpg,Yes,No,Clay,70,1
0385,/images/synthetic_image_0385.jpg,Yes,No,Loamy,13,0
0386,/images/synthetic_image_0386.jpg,No,No,Loamy,37,1
0387,/images/synthetic_image_0387.jpg,Yes,Yes,Sandy,70,1
0388,/images/synthetic_image_0388.jpg,Yes,Yes,Sandy,26,1
0389,/images/synthetic_image_0389.jpg,Yes,Yes,Clay,71,1
0390,/images/synthetic_image_0390.jpg,No,No,Loamy,37,1
0391,/images/synthetic_image_0391.jpg,Yes,No,Loamy,19,1
0392,/images/synthetic_image_0392.jpg,No,No,Loamy,20,1
0393,/images/synthetic_image_0393.jpg,Yes,No,Clay,75,1
0394,/images/synthetic_image_0394.jpg,No,No,Clay,32,1
0395,/images/synthetic_image_0395.jpg,Yes,No,Loamy,65,0
0396,/images/synthetic_image_0396.jpg,Yes,Yes,Clay,98,1
0397,/images/synthetic_image_0397.jpg,Yes,Yes,Loamy,32,1
0398,/images/synthetic_image_0398.jpg,Yes,Yes,Sandy,32,0
0399,/images/synthetic_image_0399.jpg,No,No,Sandy,63,0
0400,/images/synthetic_image_0400.jpg,Yes,No,Loamy,35,0
0401,/images/synthetic_image_0401.jpg,No,Yes,Loamy,71,1
0402,/images/synthetic_image_0402.jpg,Yes,Yes,Clay,75,0
0403,/images/synthetic_image_0403.jpg,No,Yes,Sandy,95,0
0404,/images/synthetic_image_0404.jpg,No,Yes,Clay,99,1
0405,/images/synthetic_image_0405.jpg,Yes,Yes,Sandy,19,0
0406,/images/synthetic_image_0406.jpg,Yes,No,Clay,22,1
0407,/images/synthetic_image_0407.jpg,No,Yes,Loamy,12,1
0408,/images/synthetic_image_0408.jpg,Yes,Yes,Clay,31,1
0409,/images/synthetic_image_0409.jpg,No,No,Loamy,68,1
0410,/images/synthetic_image_0410.jpg,No,No,Clay,45,1
0411,/images/synthetic_image_0411.jpg,Yes,Yes,Loamy,50,1
0412,/images/synthetic_image_0412.jpg,Yes,No,Sandy,14,0
0413,/images/synthetic_image_0413.jpg,No,Yes,Clay,22,1
0414,/images/synthetic_image_0414.jpg,No,No,Clay,16,1
0415,/images/synthetic_image_0415.jpg,No,No,Sandy,92,0
0416,/images/synthetic_image_0416.jpg,No,No,Sandy,34,1
0417,/images/synthetic_image_0417.jpg,Yes,No,Sandy,50,1
0418,/images/synthetic_image_0418.jpg,Yes,No,Clay,65,1
0419,/images/synthetic_image_0419.jpg,Yes,Yes,Sandy,69,1
0420,/images/synthetic_image_0420.jpg,No,No,Loamy,29,0
0421,/images/synthetic_image_0421.jpg,No,Yes,Clay,74,0
0422,/images/synthetic_image_0422.jpg,No,No,Clay,45,1
0423,/images/synthetic_image_0423.jpg,No,Yes,Clay,49,0
0424,/images/synthetic_image_0424.jpg,Yes,No,Loamy,96,1
0425,/images/synthetic_image_0425.jpg,No,No,Sandy,66,1
0426,/images/synthetic_image_0426.jpg,No,No,Sandy,47,1
0427,/images/synthetic_image_0427.jpg,Yes,Yes,Loamy,35,1
0428,/images/synthetic_image_0428.jpg,No,No,Sandy,97,1
0429,/images/synthetic_image_0429.jpg,No,Yes,Sandy,33,1
0430,/images/synthetic_image_0430.jpg,Yes,No,Loamy,93,0
0431,/images/synthetic_image_0431.jpg,Yes,Yes,Loamy,13,1
0432,/images/synthetic_image_0432.jpg,Yes,No,Sandy,59,1
0433,/images/synthetic_image_0433.jpg,Yes,No,Sandy,52,0
0434,/images/synthetic_image_0434.jpg,No,Yes,Loamy,28,1
0435,/images/synthetic_image_0435.jpg,Yes,No,Sandy,84,1
0436,/images/synthetic_image_0436.jpg,No,Yes,Sandy,12,1
0437,/images/synthetic_image_0437.jpg,Yes,No,Clay,21,1
0438,/images/synthetic_image_0438.jpg,No,Yes,Loamy,14,1
0439,/images/synthetic_image_0439.jpg,Yes,No,Loamy,99,0
0440,/images/synthetic_image_0440.jpg,No,No,Clay,20,1
0441,/images/synthetic_image_0441.jpg,No,No,Clay,36,0
0442,/images/synthetic_image_0442.jpg,No,No,Sandy,81,0
0443,/images/synthetic_image_0443.jpg,No,Yes,Clay,40,1
0444,/images/synthetic_image_0444.jpg,No,Yes,Loamy,81,0
0445,/images/synthetic_image_0445.jpg,No,No,Sandy,32,1
0446,/images/synthetic_image_0446.jpg,Yes,Yes,Clay,13,1
0447,/images/synthetic_image_0447.jpg,No,No,Loamy,31,1
0448,/images/synthetic_image_0448.jpg,Yes,No,Sandy,58,0
0449,/images/synthetic_image_0449.jpg,No,Yes,Clay,16,0
0450,/images/synthetic_image_0450.jpg,No,No,Clay,11,1
0451,/images/synthetic_image_0451.jpg,Yes,No,Sandy,99,1
0452,/images/synthetic_image_0452.jpg,No,No,Clay,37,1
0453,/images/synthetic_image_0453.jpg,No,Yes,Clay,96,1
0454,/images/synthetic_image_0454.jpg,Yes,Yes,Clay,81,1
0455,/images/synthetic_image_0455.jpg,Yes,Yes,Loamy,91,1
0456,/images/synthetic_image_0456.jpg,Yes,No,Clay,52,0
0457,/images/synthetic_image_0457.jpg,No,Yes,Clay,87,0
0458,/images/synthetic_image_0458.jpg,Yes,No,Sandy,33,1
0459,/images/synthetic_image_0459.jpg,Yes,No,Loamy,19,1
0460,/images/synthetic_image_0460.jpg,Yes,No,Clay,51,1
0461,/images/synthetic_image_0461.jpg,No,Yes,Sandy,12,1
0462,/images/synthetic_image_0462.jpg,Yes,No,Sandy,76,1
0463,/images/synthetic_image_0463.jpg,Yes,No,Clay,89,1
0464,/images/synthetic_image_0464.jpg,Yes,No,Sandy,34,1
0465,/images/synthetic_image_0465.jpg,Yes,No,Clay,66,0
0466,/images/synthetic_image_0466.jpg,Yes,Yes,Clay,18,0
0467,/images/synthetic_image_0467.jpg,No,No,Clay,99,1
0468,/images/synthetic_image_0468.jpg,Yes,Yes,Clay,38,1
0469,/images/synthetic_image_0469.jpg,No,Yes,Loamy,34,1
0470,/images/synthetic_image_0470.jpg,No,Yes,Loamy,93,0
0471,/images/synthetic_image_0471.jpg,No,No,Loamy,65,0
0472,/images/synthetic_image_0472.jpg,No,Yes,Sandy,90,1
0473,/images/synthetic_image_0473.jpg,Yes,Yes,Clay,55,1
0474,/images/synthetic_image_0474.jpg,Yes,Yes,Sandy,47,1
0475,/images/synthetic_image_0475.jpg,Yes,No,Sandy,47,1
0476,/images/synthetic_image_0476.jpg,Yes,No,Clay,78,1
0477,/images/synthetic_image_0477.jpg,Yes,Yes,Sandy,76,1
0478,/images/synthetic_image_0478.jpg,Yes,No,Clay,94,1
0479,/images/synthetic_image_0479.jpg,Yes,No,Clay,78,1
0480,/images/synthetic_image_0480.jpg,No,Yes,Sandy,68,0
0481,/images/synthetic_image_0481.jpg,No,No,Sandy,78,1
0482,/images/synthetic_image_0482.jpg,No,No,Loamy,29,0
0483,/images/synthetic_image_0483.jpg,Yes,No,Loamy,36,0
0484,/images/synthetic_image_0484.jpg,No,Yes,Sandy,42,1
0485,/images/synthetic_image_0485.jpg,No,No,Loamy,26,1
0486,/images/synthetic_image_0486.jpg,No,Yes,Sandy,29,0
0487,/images/synthetic_image_0487.jpg,No,No,Loamy,28,0
0488,/images/synthetic_image_0488.jpg,Yes,No,Clay,15,0
0489,/images/synthetic_image_0489.jpg,Yes,No,Clay,31,1
0490,/images/synthetic_image_0490.jpg,No,No,Loamy,70,1
0491,/images/synthetic_image_0491.jpg,Yes,Yes,Sandy,99,1
0492,/images/synthetic_image_0492.jpg,Yes,Yes,Sandy,15,1
0493,/images/synthetic_image_0493.jpg,Yes,No,Clay,20,1
0494,/images/synthetic_image_0494.jpg,No,Yes,Clay,31,1
0495,/images/synthetic_image_0495.jpg,No,Yes,Loamy,18,1
0496,/images/synthetic_image_0496.jpg,No,Yes,Sandy,85,0
0497,/images/synthetic_image_0497.jpg,No,Yes,Loamy,78,0
0498,/images/synthetic_image_0498.jpg,No,Yes,Clay,96,1
0499,/images/synthetic_image_0499.jpg,Yes,No,Loamy,50,0
0500,/images/synthetic_image_0500.jpg,No,Yes,Sandy,30,1
0501,/images/synthetic_image_0501.jpg,No,No,Clay,41,0
0502,/images/synthetic_image_0502.jpg,No,No,Clay,37,1
0503,/images/synthetic_image_0503.jpg,No,Yes,Clay,91,1
0504,/images/synthetic_image_0504.jpg,Yes,No,Clay,80,0
0505,/images/synthetic_image_0505.jpg,Yes,No,Loamy,85,0
0506,/images/synthetic_image_0506.jpg,No,Yes,Clay,63,0
0507,/images/synthetic_image_0507.jpg,No,No,Clay,11,1
0508,/images/synthetic_image_0508.jpg,Yes,No,Clay,96,1
0509,/images/synthetic_image_0509.jpg,Yes,No,Clay,87,0
0510,/images/synthetic_image_0510.jpg,Yes,No,Clay,45,1
0511,/images/synthetic_image_0511.jpg,No,No,Loamy,12,1
0512,/images/synthetic_image_0512.jpg,Yes,Yes,Clay,97,1
0513,/images/synthetic_image_0513.jpg,Yes,No,Loamy,59,1
0514,/images/synthetic_image_0514.jpg,Yes,Yes,Loamy,76,1
0515,/images/synthetic_image_0515.jpg,No,No,Loamy,13,0
0516,/images/synthetic_image_0516.jpg,No,Yes,Sandy,43,1
0517,/images/synthetic_image_0517.jpg,No,No,Loamy,61,0
0518,/images/synthetic_image_0518.jpg,Yes,No,Clay,41,1
0519,/images/synthetic_image_0519.jpg,Yes,Yes,Clay,73,1
0520,/images/synthetic_image_0520.jpg,Yes,Yes,Clay,94,1
0521,/images/synthetic_image_0521.jpg,No,Yes,Clay,84,1
0522,/images/synthetic_image_0522.jpg,No,Yes,Clay,88,0
0523,/images/synthetic_image_0523.jpg,No,No,Loamy,30,1
0524,/images/synthetic_image_0524.jpg,No,No,Sandy,66,1
0525,/images/synthetic_image_0525.jpg,Yes,Yes,Sandy,99,0
0526,/images/synthetic_image_0526.jpg,No,Yes,Sandy,33,0
0527,/images/synthetic_image_0527.jpg,No,No,Sandy,77,1
0528,/images/synthetic_image_0528.jpg,No,Yes,Loamy,94,1
0529,/images/synthetic_image_0529.jpg,No,No,Sandy,95,1
0530,/images/synthetic_image_0530.jpg,Yes,Yes,Clay,84,1
0531,/images/synthetic_image_0531.jpg,No,Yes,Clay,95,1
0532,/images/synthetic_image_0532.jpg,No,Yes,Clay,37,1
0533,/images/synthetic_image_0533.jpg,No,No,Clay,78,1
0534,/images/synthetic_image_0534.jpg,Yes,Yes,Clay,42,1
0535,/images/synthetic_image_0535.jpg,No,Yes,Clay,51,0
0536,/images/synthetic_image_0536.jpg,No,Yes,Loamy,86,0
0537,/images/synthetic_image_0537.jpg,Yes,Yes,Clay,18,1
0538,/images/synthetic_image_0538.jpg,No,Yes,Clay,46,1
0539,/images/synthetic_image_0539.jpg,Yes,No,Loamy,60,1
0540,/images/synthetic_image_0540.jpg,No,Yes,Sandy,66,0
0541,/images/synthetic_image_0541.jpg,Yes,Yes,Clay,11,1
0542,/images/synthetic_image_0542.jpg,Yes,Yes,Sandy,97,0
0543,/images/synthetic_image_0543.jpg,Yes,Yes,Clay,80,1
0544,/images/synthetic_image_0544.jpg,No,Yes,Clay,55,1
0545,/images/synthetic_image_0545.jpg,No,No,Sandy,43,0
0546,/images/synthetic_image_0546.jpg,Yes,No,Clay,87,0
0547,/images/synthetic_image_0547.jpg,No,No,Loamy,75,1
0548,/images/synthetic_image_0548.jpg,Yes,No,Loamy,16,1
0549,/images/synthetic_image_0549.jpg,Yes,Yes,Sandy,49,0
0550,/images/synthetic_image_0550.jpg,Yes,No,Clay,94,1
0551,/images/synthetic_image_0551.jpg,No,No,Loamy,51,1
0552,/images/synthetic_image_0552.jpg,Yes,Yes,Sandy,71,1
0553,/images/synthetic_image_0553.jpg,No,No,Clay,49,1
0554,/images/synthetic_image_0554.jpg,Yes,Yes,Sandy,68,1
0555,/images/synthetic_image_0555.jpg,No,No,Clay,95,1
0556,/images/synthetic_image_0556.jpg,No,Yes,Loamy,98,1
0557,/images/synthetic_image_0557.jpg,No,No,Clay,38,1
0558,/images/synthetic_image_0558.jpg,Yes,No,Sandy,29,1
0559,/images/synthetic_image_0559.jpg,No,Yes,Sandy,21,0
0560,/images/synthetic_image_0560.jpg,Yes,Yes,Loamy,59,1
0561,/images/synthetic_image_0561.jpg,No,No,Clay,89,1
0562,/images/synthetic_image_0562.jpg,No,No,Sandy,86,0
0563,/images/synthetic_image_0563.jpg,No,No,Sandy,26,0
0564,/images/synthetic_image_0564.jpg,Yes,Yes,Clay,86,1
0565,/images/synthetic_image_0565.jpg,Yes,No,Clay,12,1
0566,/images/synthetic_image_0566.jpg,No,No,Clay,52,1
0567,/images/synthetic_image_0567.jpg,No,Yes,Loamy,15,1
0568,/images/synthetic_image_0568.jpg,No,Yes,Sandy,90,1
0569,/images/synthetic_image_0569.jpg,No,No,Clay,64,1
0570,/images/synthetic_image_0570.jpg,Yes,No,Clay,72,1
0571,/images/synthetic_image_0571.jpg,No,Yes,Loamy,18,1
0572,/images/synthetic_image_0572.jpg,Yes,No,Loamy,69,0
0573,/images/synthetic_image_0573.jpg,No,Yes,Sandy,39,1
0574,/images/synthetic_image_0574.jpg,No,No,Clay,54,1
0575,/images/synthetic_image_0575.jpg,No,Yes,Clay,64,0
0576,/images/synthetic_image_0576.jpg,Yes,No,Loamy,76,0
0577,/images/synthetic_image_0577.jpg,No,Yes,Loamy,84,1
0578,/images/synthetic_image_0578.jpg,Yes,No,Loamy,95,0
0579,/images/synthetic_image_0579.jpg,No,Yes,Clay,11,0
0580,/images/synthetic_image_0580.jpg,No,No,Sandy,51,0
0581,/images/synthetic_image_0581.jpg,No,Yes,Clay,25,1
0582,/images/synthetic_image_0582.jpg,Yes,No,Sandy,25,0
0583,/images/synthetic_image_0583.jpg,Yes,Yes,Sandy,77,1
0584,/images/synthetic_image_0584.jpg,Yes,Yes,Sandy,65,1
0585,/images/synthetic_image_0585.jpg,Yes,No,Sandy,42,1
0586,/images/synthetic_image_0586.jpg,No,Yes,Loamy,92,1
0587,/images/synthetic_image_0587.jpg,Yes,No,Loamy,35,1
0588,/images/synthetic_image_0588.jpg,Yes,No,Sandy,77,1
0589,/images/synthetic_image_0589.jpg,Yes,Yes,Sandy,37,0
0590,/images/synthetic_image_0590.jpg,No,No,Loamy,52,0
0591,/images/synthetic_image_0591.jpg,Yes,No,Loamy,97,0
0592,/images/synthetic_image_0592.jpg,No,Yes,Loamy,53,1
0593,/images/synthetic_image_0593.jpg,No,Yes,Loamy,55,0
0594,/images/synthetic_image_0594.jpg,No,No,Loamy,60,1
0595,/images/synthetic_image_0595.jpg,Yes,No,Sandy,77,0
0596,/images/synthetic_image_0596.jpg,No,No,Sandy,25,0
0597,/images/synthetic_image_0597.jpg,No,Yes,Loamy,97,1
0598,/images/synthetic_image_0598.jpg,Yes,No,Sandy,24,0
0599,/images/synthetic_image_0599.jpg,Yes,No,Loamy,84,1
0600,/images/synthetic_image_0600.jpg,No,Yes,Clay,20,1
0601,/images/synthetic_image_0601.jpg,No,No,Loamy,24,1
0602,/images/synthetic_image_0602.jpg,No,No,Clay,80,1
0603,/images/synthetic_image_0603.jpg,No,No,Sandy,26,1
0604,/images/synthetic_image_0604.jpg,Yes,No,Loamy,84,1
0605,/images/synthetic_image_0605.jpg,Yes,Yes,Loamy,92,1
0606,/images/synthetic_image_0606.jpg,No,No,Clay,96,1
0607,/images/synthetic_image_0607.jpg,No,Yes,Sandy,11,0
0608,/images/synthetic_image_0608.jpg,No,Yes,Clay,45,1
0609,/images/synthetic_image_0609.jpg,No,Yes,Loamy,78,1
0610,/images/synthetic_image_0610.jpg,Yes,Yes,Loamy,54,1
0611,/images/synthetic_image_0611.jpg,Yes,No,Loamy,52,1
0612,/images/synthetic_image_0612.jpg,Yes,Yes,Loamy,76,1
0613,/images/synthetic_image_0613.jpg,No,Yes,Sandy,33,1
0614,/images/synthetic_image_0614.jpg,Yes,No,Loamy,38,1
0615,/images/synthetic_image_0615.jpg,No,No,Clay,13,1
0616,/images/synthetic_image_0616.jpg,Yes,No,Sandy,47,0
0617,/images/synthetic_image_0617.jpg,Yes,No,Sandy,71,0
0618,/images/synthetic_image_0618.jpg,Yes,Yes,Sandy,21,1
0619,/images/synthetic_image_0619.jpg,Yes,Yes,Loamy,71,1
0620,/images/synthetic_image_0620.jpg,Yes,No,Loamy,10,1
0621,/images/synthetic_image_0621.jpg,Yes,No,Loamy,94,1
0622,/images/synthetic_image_0622.jpg,No,No,Sandy,52,1
0623,/images/synthetic_image_0623.jpg,No,No,Loamy,62,1
0624,/images/synthetic_image_0624.jpg,Yes,No,Sandy,50,1
0625,/images/synthetic_image_0625.jpg,No,No,Clay,90,0
0626,/images/synthetic_image_0626.jpg,No,Yes,Clay,62,1
0627,/images/synthetic_image_0627.jpg,No,Yes,Loamy,60,1
0628,/images/synthetic_image_0628.jpg,Yes,Yes,Clay,23,0
0629,/images/synthetic_image_0629.jpg,Yes,Yes,Sandy,90,0
0630,/images/synthetic_image_0630.jpg,Yes,Yes,Sandy,45,1
0631,/images/synthetic_image_0631.jpg,Yes,No,Sandy,95,0
0632,/images/synthetic_image_0632.jpg,Yes,Yes,Clay,67,1
0633,/images/synthetic_image_0633.jpg,Yes,No,Loamy,94,0
0634,/images/synthetic_image_0634.jpg,No,No,Loamy,65,1
0635,/images/synthetic_image_0635.jpg,No,No,Clay,86,0
0636,/images/synthetic_image_0636.jpg,Yes,No,Loamy,93,1
0637,/images/synthetic_image_0637.jpg,Yes,No,Clay,14,1
0638,/images/synthetic_image_0638.jpg,Yes,No,Loamy,15,1
0639,/images/synthetic_image_0639.jpg,Yes,Yes,Sandy,15,1
0640,/images/synthetic_image_0640.jpg,Yes,Yes,Loamy,84,0
0641,/images/synthetic_image_0641.jpg,No,Yes,Sandy,52,1
0642,/images/synthetic_image_0642.jpg,No,No,Loamy,23,0
0643,/images/synthetic_image_0643.jpg,Yes,Yes,Clay,26,1
0644,/images/synthetic_image_0644.jpg,No,No,Clay,73,1
0645,/images/synthetic_image_0645.jpg,No,No,Loamy,70,1
0646,/images/synthetic_image_0646.jpg,No,Yes,Sandy,23,1
0647,/images/synthetic_image_0647.jpg,No,Yes,Loamy,48,0
0648,/images/synthetic_image_0648.jpg,Yes,Yes,Clay,51,1
0649,/images/synthetic_image_0649.jpg,Yes,No,Sandy,23,1
0650,/images/synthetic_image_0650.jpg,No,Yes,Loamy,68,1
0651,/images/synthetic_image_0651.jpg,No,No,Loamy,95,1
0652,/images/synthetic_image_0652.jpg,Yes,No,Sandy,39,1
0653,/images/synthetic_image_0653.jpg,Yes,No,Loamy,88,1
0654,/images/synthetic_image_0654.jpg,No,No,Loamy,69,0
0655,/images/synthetic_image_0655.jpg,Yes,Yes,Clay,58,0
0656,/images/synthetic_image_0656.jpg,No,Yes,Sandy,15,0
0657,/images/synthetic_image_0657.jpg,No,Yes,Sandy,82,0
0658,/images/synthetic_image_0658.jpg,No,Yes,Clay,59,1
0659,/images/synthetic_image_0659.jpg,No,No,Sandy,94,0
0660,/images/synthetic_image_0660.jpg,No,No,Loamy,26,0
0661,/images/synthetic_image_0661.jpg,No,Yes,Clay,95,1
0662,/images/synthetic_image_0662.jpg,Yes,No,Clay,58,1
0663,/images/synthetic_image_0663.jpg,Yes,No,Loamy,15,1
0664,/images/synthetic_image_0664.jpg,Yes,No,Sandy,26,1
0665,/images/synthetic_image_0665.jpg,No,Yes,Sandy,56,1
0666,/images/synthetic_image_0666.jpg,No,No,Loamy,50,0
0667,/images/synthetic_image_0667.jpg,No,Yes,Sandy,78,0
0668,/images/synthetic_image_0668.jpg,Yes,Yes,Loamy,34,1
0669,/images/synthetic_image_0669.jpg,Yes,No,Loamy,84,0
0670,/images/synthetic_image_0670.jpg,Yes,Yes,Clay,12,1
0671,/images/synthetic_image_0671.jpg,Yes,No,Loamy,92,1
0672,/images/synthetic_image_0672.jpg,No,Yes,Clay,56,1
0673,/images/synthetic_image_0673.jpg,Yes,No,Loamy,22,1
0674,/images/synthetic_image_0674.jpg,No,No,Loamy,88,1
0675,/images/synthetic_image_0675.jpg,Yes,No,Clay,12,1
0676,/images/synthetic_image_0676.jpg,Yes,No,Loamy,18,1
0677,/images/synthetic_image_0677.jpg,Yes,No,Loamy,95,1
0678,/images/synthetic_image_0678.jpg,No,No,Loamy,33,1
0679,/images/synthetic_image_0679.jpg,Yes,Yes,Sandy,31,1
0680,/images/synthetic_image_0680.jpg,No,No,Loamy,17,1
0681,/images/synthetic_image_0681.jpg,Yes,No,Sandy,57,1
0682,/images/synthetic_image_0682.jpg,Yes,No,Clay,93,1
0683,/images/synthetic_image_0683.jpg,No,No,Clay,98,0
0684,/images/synthetic_image_0684.jpg,Yes,Yes,Loamy,73,1
0685,/images/synthetic_image_0685.jpg,No,No,Loamy,50,0
0686,/images/synthetic_image_0686.jpg,No,No,Loamy,30,1
0687,/images/synthetic_image_0687.jpg,No,No,Sandy,96,1
0688,/images/synthetic_image_0688.jpg,No,No,Loamy,63,1
0689,/images/synthetic_image_0689.jpg,Yes,Yes,Loamy,87,1
0690,/images/synthetic_image_0690.jpg,Yes,No,Sandy,86,1
0691,/images/synthetic_image_0691.jpg,No,Yes,Clay,55,1
0692,/images/synthetic_image_0692.jpg,No,No,Clay,12,1
0693,/images/synthetic_image_0693.jpg,No,Yes,Loamy,11,1
0694,/images/synthetic_image_0694.jpg,No,No,Loamy,12,0
0695,/images/synthetic_image_0695.jpg,No,Yes,Clay,16,0
0696,/images/synthetic_image_0696.jpg,Yes,No,Sandy,62,1
0697,/images/synthetic_image_0697.jpg,Yes,Yes,Clay,72,1
0698,/images/synthetic_image_0698.jpg,Yes,No,Clay,92,1
0699,/images/synthetic_image_0699.jpg,Yes,Yes,Clay,56,0
0700,/images/synthetic_image_0700.jpg,Yes,Yes,Loamy,88,0
0701,/images/synthetic_image_0701.jpg,Yes,No,Clay,28,1
0702,/images/synthetic_image_0702.jpg,Yes,Yes,Loamy,84,0
0703,/images/synthetic_image_0703.jpg,No,No,Loamy,63,1
0704,/images/synthetic_image_0704.jpg,Yes,Yes,Clay,39,0
0705,/images/synthetic_image_0705.jpg,No,No,Loamy,54,0
0706,/images/synthetic_image_0706.jpg,Yes,No,Sandy,22,1
0707,/images/synthetic_image_0707.jpg,Yes,Yes,Clay,21,1
0708,/images/synthetic_image_0708.jpg,Yes,No,Sandy,54,1
0709,/images/synthetic_image_0709.jpg,No,No,Sandy,43,1
0710,/images/synthetic_image_0710.jpg,No,No,Sandy,27,0
0711,/images/synthetic_image_0711.jpg,Yes,No,Clay,74,0
0712,/images/synthetic_image_0712.jpg,No,No,Loamy,69,0
0713,/images/synthetic_image_0713.jpg,No,Yes,Clay,16,1
0714,/images/synthetic_image_0714.jpg,No,Yes,Sandy,84,0
0715,/images/synthetic_image_0715.jpg,No,No,Sandy,77,1
0716,/images/synthetic_image_0716.jpg,Yes,Yes,Sandy,65,1
0717,/images/synthetic_image_0717.jpg,Yes,No,Clay,15,0
0718,/images/synthetic_image_0718.jpg,No,No,Sandy,65,1
0719,/images/synthetic_image_0719.jpg,No,No,Loamy,73,0
0720,/images/synthetic_image_0720.jpg,No,No,Clay,81,1
0721,/images/synthetic_image_0721.jpg,Yes,Yes,Sandy,69,1
0722,/images/synthetic_image_0722.jpg,Yes,Yes,Clay,11,1
0723,/images/synthetic_image_0723.jpg,No,No,Loamy,47,0
0724,/images/synthetic_image_0724.jpg,Yes,No,Sandy,35,1
0725,/images/synthetic_image_0725.jpg,No,Yes,Loamy,17,0
0726,/images/synthetic_image_0726.jpg,Yes,No,Loamy,60,1
0727,/images/synthetic_image_0727.jpg,Yes,Yes,Loamy,21,0
0728,/images/synthetic_image_0728.jpg,Yes,No,Loamy,77,0
0729,/images/synthetic_image_0729.jpg,Yes,Yes,Loamy,68,1
0730,/images/synthetic_image_0730.jpg,Yes,Yes,Sandy,43,1
0731,/images/synthetic_image_0731.jpg,Yes,Yes,Sandy,31,1
0732,/images/synthetic_image_0732.jpg,No,Yes,Sandy,53,0
0733,/images/synthetic_image_0733.jpg,Yes,Yes,Loamy,25,1
0734,/images/synthetic_image_0734.jpg,No,Yes,Clay,95,0
0735,/images/synthetic_image_0735.jpg,No,No,Loamy,97,1
0736,/images/synthetic_image_0736.jpg,No,Yes,Sandy,81,1
0737,/images/synthetic_image_0737.jpg,No,No,Loamy,16,1
0738,/images/synthetic_image_0738.jpg,Yes,No,Sandy,75,1
0739,/images/synthetic_image_0739.jpg,Yes,No,Sandy,22,1
0740,/images/synthetic_image_0740.jpg,No,No,Clay,17,0
0741,/images/synthetic_image_0741.jpg,No,Yes,Clay,22,1
0742,/images/synthetic_image_0742.jpg,No,Yes,Sandy,80,1
0743,/images/synthetic_image_0743.jpg,Yes,No,Clay,92,0
0744,/images/synthetic_image_0744.jpg,Yes,Yes,Sandy,21,1
0745,/images/synthetic_image_0745.jpg,Yes,Yes,Loamy,40,1
0746,/images/synthetic_image_0746.jpg,No,No,Loamy,19,0
0747,/images/synthetic_image_0747.jpg,No,No,Sandy,46,1
0748,/images/synthetic_image_0748.jpg,No,Yes,Sandy,93,1
0749,/images/synthetic_image_0749.jpg,No,Yes,Clay,10,0
0750,/images/synthetic_image_0750.jpg,Yes,Yes,Sandy,35,0
0751,/images/synthetic_image_0751.jpg,No,No,Sandy,23,1
0752,/images/synthetic_image_0752.jpg,Yes,Yes,Clay,48,1
0753,/images/synthetic_image_0753.jpg,Yes,No,Clay,61,1
0754,/images/synthetic_image_0754.jpg,No,No,Sandy,52,1
0755,/images/synthetic_image_0755.jpg,Yes,Yes,Loamy,96,1
0756,/images/synthetic_image_0756.jpg,No,No,Clay,35,1
0757,/images/synthetic_image_0757.jpg,Yes,Yes,Sandy,84,1
0758,/images/synthetic_image_0758.jpg,No,No,Loamy,72,0
0759,/images/synthetic_image_0759.jpg,Yes,Yes,Loamy,64,1
0760,/images/synthetic_image_0760.jpg,Yes,Yes,Loamy,46,1
0761,/images/synthetic_image_0761.jpg,Yes,Yes,Sandy,25,1
0762,/images/synthetic_image_0762.jpg,Yes,Yes,Clay,29,1
0763,/images/synthetic_image_0763.jpg,Yes,Yes,Loamy,49,1
0764,/images/synthetic_image_0764.jpg,Yes,Yes,Sandy,34,1
0765,/images/synthetic_image_0765.jpg,No,Yes,Sandy,97,1
0766,/images/synthetic_image_0766.jpg,Yes,No,Clay,68,1
0767,/images/synthetic_image_0767.jpg,Yes,No,Clay,77,0
0768,/images/synthetic_image_0768.jpg,No,No,Loamy,69,1
0769,/images/synthetic_image_0769.jpg,No,Yes,Clay,66,1
0770,/images/synthetic_image_0770.jpg,No,No,Sandy,15,0
0771,/images/synthetic_image_0771.jpg,No,No,Sandy,47,1
0772,/images/synthetic_image_0772.jpg,No,No,Sandy,73,1
0773,/images/synthetic_image_0773.jpg,No,Yes,Sandy,87,0
0774,/images/synthetic_image_0774.jpg,No,No,Loamy,99,1
0775,/images/synthetic_image_0775.jpg,Yes,Yes,Clay,97,1
0776,/images/synthetic_image_0776.jpg,Yes,No,Clay,57,1
0777,/images/synthetic_image_0777.jpg,No,No,Clay,15,0
0778,/images/synthetic_image_0778.jpg,No,Yes,Loamy,51,0
0779,/images/synthetic_image_0779.jpg,No,No,Sandy,18,1
0780,/images/synthetic_image_0780.jpg,No,Yes,Sandy,95,1
0781,/images/synthetic_image_0781.jpg,Yes,Yes,Sandy,56,1
0782,/images/synthetic_image_0782.jpg,Yes,No,Clay,65,1
0783,/images/synthetic_image_0783.jpg,No,No,Loamy,27,0
0784,/images/synthetic_image_0784.jpg,Yes,No,Loamy,37,1
0785,/images/synthetic_image_0785.jpg,No,No,Loamy,95,1
0786,/images/synthetic_image_0786.jpg,No,Yes,Sandy,28,0
0787,/images/synthetic_image_0787.jpg,No,No,Loamy,17,1
0788,/images/synthetic_image_0788.jpg,No,No,Loamy,67,1
0789,/images/synthetic_image_0789.jpg,No,No,Loamy,75,1
0790,/images/synthetic_image_0790.jpg,Yes,No,Loamy,58,0
0791,/images/synthetic_image_0791.jpg,No,No,Sandy,90,0
0792,/images/synthetic_image_0792.jpg,Yes,Yes,Sandy,85,0
0793,/images/synthetic_image_0793.jpg,No,Yes,Sandy,65,1
0794,/images/synthetic_image_0794.jpg,Yes,Yes,Clay,91,0
0795,/images/synthetic_image_0795.jpg,Yes,Yes,Clay,80,0
0796,/images/synthetic_image_0796.jpg,Yes,No,Clay,79,1
0797,/images/synthetic_image_0797.jpg,Yes,No,Clay,99,1
0798,/images/synthetic_image_0798.jpg,Yes,No,Loamy,68,1
0799,/images/synthetic_image_0799.jpg,No,Yes,Clay,38,1
0800,/images/synthetic_image_0800.jpg,No,Yes,Loamy,73,1
0801,/images/synthetic_image_0801.jpg,Yes,No,Clay,20,1
0802,/images/synthetic_image_0802.jpg,No,Yes,Clay,83,0
0803,/images/synthetic_image_0803.jpg,No,No,Sandy,32,1
0804,/images/synthetic_image_0804.jpg,No,No,Sandy,46,1
0805,/images/synthetic_image_0805.jpg,Yes,No,Loamy,86,0
0806,/images/synthetic_image_0806.jpg,Yes,Yes,Sandy,86,0
0807,/images/synthetic_image_0807.jpg,Yes,Yes,Loamy,69,1
0808,/images/synthetic_image_0808.jpg,No,Yes,Loamy,60,1
0809,/images/synthetic_image_0809.jpg,No,Yes,Loamy,13,1
0810,/images/synthetic_image_0810.jpg,No,Yes,Sandy,29,1
0811,/images/synthetic_image_0811.jpg,No,Yes,Sandy,50,1
0812,/images/synthetic_image_0812.jpg,No,Yes,Clay,49,1
0813,/images/synthetic_image_0813.jpg,No,No,Clay,36,1
0814,/images/synthetic_image_0814.jpg,No,Yes,Sandy,26,1
0815,/images/synthetic_image_0815.jpg,Yes,No,Clay,42,1
0816,/images/synthetic_image_0816.jpg,Yes,No,Clay,51,1
0817,/images/synthetic_image_0817.jpg,Yes,No,Sandy,70,0
0818,/images/synthetic_image_0818.jpg,No,Yes,Sandy,51,1
0819,/images/synthetic_image_0819.jpg,No,No,Clay,68,1
0820,/images/synthetic_image_0820.jpg,No,No,Sandy,64,1
0821,/images/synthetic_image_0821.jpg,No,Yes,Clay,93,1
0822,/images/synthetic_image_0822.jpg,No,Yes,Clay,93,0
0823,/images/synthetic_image_0823.jpg,Yes,No,Clay,30,1
0824,/images/synthetic_image_0824.jpg,Yes,Yes,Clay,89,1
0825,/images/synthetic_image_0825.jpg,No,Yes,Clay,82,0
0826,/images/synthetic_image_0826.jpg,No,Yes,Sandy,43,1
0827,/images/synthetic_image_0827.jpg,No,No,Clay,80,1
0828,/images/synthetic_image_0828.jpg,Yes,No,Clay,50,0
0829,/images/synthetic_image_0829.jpg,No,Yes,Sandy,83,1
0830,/images/synthetic_image_0830.jpg,Yes,No,Clay,23,0
0831,/images/synthetic_image_0831.jpg,No,Yes,Clay,17,1
0832,/images/synthetic_image_0832.jpg,No,No,Sandy,27,1
0833,/images/synthetic_image_0833.jpg,Yes,No,Clay,14,1
0834,/images/synthetic_image_0834.jpg,Yes,No,Clay,93,1
0835,/images/synthetic_image_0835.jpg,Yes,Yes,Loamy,78,1
0836,/images/synthetic_image_0836.jpg,No,Yes,Loamy,68,1
0837,/images/synthetic_image_0837.jpg,Yes,Yes,Clay,83,1
0838,/images/synthetic_image_0838.jpg,Yes,No,Sandy,88,1
0839,/images/synthetic_image_0839.jpg,Yes,Yes,Clay,55,0
0840,/images/synthetic_image_0840.jpg,Yes,Yes,Loamy,42,0
0841,/images/synthetic_image_0841.jpg,No,Yes,Clay,59,0
0842,/images/synthetic_image_0842.jpg,No,Yes,Sandy,84,1
0843,/images/synthetic_image_0843.jpg,Yes,No,Loamy,76,1
0844,/images/synthetic_image_0844.jpg,Yes,Yes,Loamy,87,1
0845,/images/synthetic_image_0845.jpg,No,Yes,Clay,90,0
0846,/images/synthetic_image_0846.jpg,No,No,Sandy,50,0
0847,/images/synthetic_image_0847.jpg,No,No,Clay,88,1
0848,/images/synthetic_image_0848.jpg,Yes,Yes,Loamy,22,1
0849,/images/synthetic_image_0849.jpg,Yes,No,Loamy,97,1
0850,/images/synthetic_image_0850.jpg,No,No,Loamy,92,1
0851,/images/synthetic_image_0851.jpg,Yes,Yes,Clay,44,1
0852,/images/synthetic_image_0852.jpg,Yes,Yes,Clay,46,0
0853,/images/synthetic_image_0853.jpg,Yes,Yes,Sandy,18,1
0854,/images/synthetic_image_0854.jpg,No,Yes,Clay,99,1
0855,/images/synthetic_image_0855.jpg,No,No,Clay,31,0
0856,/images/synthetic_image_0856.jpg,No,Yes,Clay,61,1
0857,/images/synthetic_image_0857.jpg,No,No,Clay,25,1
0858,/images/synthetic_image_0858.jpg,Yes,No,Clay,31,1
0859,/images/synthetic_image_0859.jpg,Yes,Yes,Sandy,26,1
0860,/images/synthetic_image_0860.jpg,Yes,No,Clay,24,1
0861,/images/synthetic_image_0861.jpg,Yes,No,Clay,14,1
0862,/images/synthetic_image_0862.jpg,Yes,Yes,Sandy,90,1
0863,/images/synthetic_image_0863.jpg,Yes,No,Sandy,25,1
0864,/images/synthetic_image_0864.jpg,No,No,Clay,49,1
0865,/images/synthetic_image_0865.jpg,Yes,No,Clay,35,0
0866,/images/synthetic_image_0866.jpg,Yes,Yes,Clay,64,1
0867,/images/synthetic_image_0867.jpg,Yes,No,Loamy,63,1
0868,/images/synthetic_image_0868.jpg,No,Yes,Loamy,66,1
0869,/images/synthetic_image_0869.jpg,No,No,Loamy,14,1
0870,/images/synthetic_image_0870.jpg,No,No,Clay,54,1
0871,/images/synthetic_image_0871.jpg,No,Yes,Sandy,38,1
0872,/images/synthetic_image_0872.jpg,No,No,Sandy,98,1
0873,/images/synthetic_image_0873.jpg,Yes,Yes,Sandy,74,1
0874,/images/synthetic_image_0874.jpg,No,Yes,Sandy,35,1
0875,/images/synthetic_image_0875.jpg,No,Yes,Loamy,25,1
0876,/images/synthetic_image_0876.jpg,Yes,No,Clay,90,0
0877,/images/synthetic_image_0877.jpg,No,Yes,Sandy,53,0
0878,/images/synthetic_image_0878.jpg,Yes,Yes,Sandy,44,1
0879,/images/synthetic_image_0879.jpg,No,No,Loamy,16,1
0880,/images/synthetic_image_0880.jpg,Yes,Yes,Sandy,32,0
0881,/images/synthetic_image_0881.jpg,Yes,No,Sandy,37,1
0882,/images/synthetic_image_0882.jpg,Yes,Yes,Sandy,43,1
0883,/images/synthetic_image_0883.jpg,Yes,Yes,Clay,55,1
0884,/images/synthetic_image_0884.jpg,No,Yes,Loamy,15,1
0885,/images/synthetic_image_0885.jpg,Yes,Yes,Clay,18,1
0886,/images/synthetic_image_0886.jpg,No,Yes,Loamy,96,1
0887,/images/synthetic_image_0887.jpg,No,Yes,Loamy,28,1
0888,/images/synthetic_image_0888.jpg,No,No,Clay,74,1
0889,/images/synthetic_image_0889.jpg,Yes,Yes,Loamy,21,1
0890,/images/synthetic_image_0890.jpg,No,Yes,Loamy,16,0
0891,/images/synthetic_image_0891.jpg,Yes,Yes,Clay,29,1
0892,/images/synthetic_image_0892.jpg,Yes,Yes,Sandy,63,1
0893,/images/synthetic_image_0893.jpg,No,No,Sandy,40,1
0894,/images/synthetic_image_0894.jpg,No,Yes,Clay,31,1
0895,/images/synthetic_image_0895.jpg,Yes,No,Sandy,33,1
0896,/images/synthetic_image_0896.jpg,Yes,Yes,Sandy,11,1
0897,/images/synthetic_image_0897.jpg,No,Yes,Clay,54,1
0898,/images/synthetic_image_0898.jpg,Yes,Yes,Sandy,30,1
0899,/images/synthetic_image_0899.jpg,Yes,Yes,Clay,39,1
0900,/images/synthetic_image_0900.jpg,Yes,Yes,Loamy,46,1
0901,/images/synthetic_image_0901.jpg,No,No,Sandy,31,1
0902,/images/synthetic_image_0902.jpg,Yes,No,Clay,65,0
0903,/images/synthetic_image_0903.jpg,No,Yes,Loamy,76,0
0904,/images/synthetic_image_0904.jpg,Yes,Yes,Sandy,67,0
0905,/images/synthetic_image_0905.jpg,Yes,Yes,Loamy,17,1
0906,/images/synthetic_image_0906.jpg,No,No,Loamy,98,1
0907,/images/synthetic_image_0907.jpg,No,Yes,Loamy,66,1
0908,/images/synthetic_image_0908.jpg,Yes,Yes,Loamy,47,0
0909,/images/synthetic_image_0909.jpg,No,Yes,Sandy,48,0
0910,/images/synthetic_image_0910.jpg,Yes,No,Loamy,46,1
0911,/images/synthetic_image_0911.jpg,Yes,Yes,Clay,53,0
0912,/images/synthetic_image_0912.jpg,Yes,Yes,Clay,62,0
0913,/images/synthetic_image_0913.jpg,No,Yes,Loamy,54,1
0914,/images/synthetic_image_0914.jpg,No,No,Sandy,77,0
0915,/images/synthetic_image_0915.jpg,No,No,Sandy,64,0
0916,/images/synthetic_image_0916.jpg,No,No,Sandy,29,1
0917,/images/synthetic_image_0917.jpg,No,No,Loamy,46,1
0918,/images/synthetic_image_0918.jpg,No,Yes,Clay,26,0
0919,/images/synthetic_image_0919.jpg,No,No,Loamy,19,1
0920,/images/synthetic_image_0920.jpg,Yes,Yes,Clay,65,0
0921,/images/synthetic_image_0921.jpg,No,Yes,Clay,59,0
0922,/images/synthetic_image_0922.jpg,No,No,Sandy,41,1
0923,/images/synthetic_image_0923.jpg,No,Yes,Loamy,57,0
0924,/images/synthetic_image_0924.jpg,No,No,Clay,45,1
0925,/images/synthetic_image_0925.jpg,No,No,Sandy,13,1
0926,/images/synthetic_image_0926.jpg,No,No,Loamy,40,1
0927,/images/synthetic_image_0927.jpg,Yes,No,Sandy,32,1
0928,/images/synthetic_image_0928.jpg,Yes,No,Loamy,49,1
0929,/images/synthetic_image_0929.jpg,Yes,Yes,Loamy,64,1
0930,/images/synthetic_image_0930.jpg,Yes,Yes,Sandy,16,1
0931,/images/synthetic_image_0931.jpg,No,Yes,Loamy,71,0
0932,/images/synthetic_image_0932.jpg,No,No,Sandy,66,1
0933,/images/synthetic_image_0933.jpg,Yes,No,Clay,40,0
0934,/images/synthetic_image_0934.jpg,No,Yes,Clay,48,1
0935,/images/synthetic_image_0935.jpg,Yes,No,Sandy,27,1
0936,/images/synthetic_image_0936.jpg,No,No,Clay,70,1
0937,/images/synthetic_image_0937.jpg,No,No,Loamy,92,1
0938,/images/synthetic_image_0938.jpg,Yes,No,Clay,18,0
0939,/images/synthetic_image_0939.jpg,Yes,No,Loamy,32,1
0940,/images/synthetic_image_0940.jpg,Yes,Yes,Sandy,95,0
0941,/images/synthetic_image_0941.jpg,Yes,Yes,Sandy,43,0
0942,/images/synthetic_image_0942.jpg,No,Yes,Sandy,33,1
0943,/images/synthetic_image_0943.jpg,Yes,No,Sandy,12,0
0944,/images/synthetic_image_0944.jpg,Yes,No,Clay,50,1
0945,/images/synthetic_image_0945.jpg,Yes,Yes,Loamy,24,1
0946,/images/synthetic_image_0946.jpg,No,No,Clay,17,0
0947,/images/synthetic_image_0947.jpg,No,No,Clay,44,1
0948,/images/synthetic_image_0948.jpg,Yes,No,Loamy,41,1
0949,/images/synthetic_image_0949.jpg,No,No,Clay,46,1
0950,/images/synthetic_image_0950.jpg,Yes,No,Loamy,14,1
0951,/images/synthetic_image_0951.jpg,No,No,Clay,17,1
0952,/images/synthetic_image_0952.jpg,No,No,Sandy,98,1
0953,/images/synthetic_image_0953.jpg,No,Yes,Sandy,36,0
0954,/images/synthetic_image_0954.jpg,No,Yes,Clay,19,1
0955,/images/synthetic_image_0955.jpg,No,No,Sandy,59,1
0956,/images/synthetic_image_0956.jpg,No,No,Loamy,18,1
0957,/images/synthetic_image_0957.jpg,No,Yes,Loamy,53,1
0958,/images/synthetic_image_0958.jpg,Yes,Yes,Sandy,42,1
0959,/images/synthetic_image_0959.jpg,Yes,Yes,Clay,73,1
0960,/images/synthetic_image_0960.jpg,No,Yes,Sandy,74,1
0961,/images/synthetic_image_0961.jpg,Yes,Yes,Clay,13,1
0962,/images/synthetic_image_0962.jpg,Yes,No,Sandy,53,1
0963,/images/synthetic_image_0963.jpg,Yes,Yes,Loamy,27,0
0964,/images/synthetic_image_0964.jpg,Yes,No,Sandy,64,1
0965,/images/synthetic_image_0965.jpg,No,Yes,Clay,62,1
0966,/images/synthetic_image_0966.jpg,No,Yes,Sandy,85,1
0967,/images/synthetic_image_0967.jpg,No,No,Clay,19,1
0968,/images/synthetic_image_0968.jpg,Yes,Yes,Sandy,89,0
0969,/images/synthetic_image_0969.jpg,Yes,No,Sandy,19,0
0970,/images/synthetic_image_0970.jpg,No,Yes,Sandy,32,1
0971,/images/synthetic_image_0971.jpg,No,No,Clay,77,1
0972,/images/synthetic_image_0972.jpg,No,No,Loamy,90,1
0973,/images/synthetic_image_0973.jpg,Yes,No,Clay,37,0
0974,/images/synthetic_image_0974.jpg,Yes,Yes,Sandy,78,1
0975,/images/synthetic_image_0975.jpg,No,Yes,Loamy,17,0
0976,/images/synthetic_image_0976.jpg,No,No,Loamy,10,0
0977,/images/synthetic_image_0977.jpg,Yes,Yes,Sandy,81,0
0978,/images/synthetic_image_0978.jpg,No,Yes,Clay,60,1
0979,/images/synthetic_image_0979.jpg,No,Yes,Clay,26,0
0980,/images/synthetic_image_0980.jpg,No,Yes,Clay,25,1
0981,/images/synthetic_image_0981.jpg,No,Yes,Sandy,21,1
0982,/images/synthetic_image_0982.jpg,Yes,Yes,Loamy,31,1
0983,/images/synthetic_image_0983.jpg,Yes,Yes,Sandy,66,0
0984,/images/synthetic_image_0984.jpg,Yes,Yes,Loamy,35,0
0985,/images/synthetic_image_0985.jpg,Yes,No,Loamy,33,1
0986,/images/synthetic_image_0986.jpg,No,No,Clay,20,0
0987,/images/synthetic_image_0987.jpg,No,No,Clay,80,1
0988,/images/synthetic_image_0988.jpg,No,No,Sandy,95,0
0989,/images/synthetic_image_0989.jpg,No,Yes,Loamy,18,0
0990,/images/synthetic_image_0990.jpg,Yes,No,Loamy,76,1
0991,/images/synthetic_image_0991.jpg,No,No,Loamy,29,0
0992,/images/synthetic_image_0992.jpg,Yes,Yes,Loamy,63,0
0993,/images/synthetic_image_0993.jpg,Yes,Yes,Clay,68,1
0994,/images/synthetic_image_0994.jpg,No,No,Loamy,54,1
0995,/images/synthetic_image_0995.jpg,No,Yes,Sandy,14,1
0996,/images/synthetic_image_0996.jpg,Yes,Yes,Sandy,76,1
0997,/images/synthetic_image_0997.jpg,No,No,Loamy,38,1
0998,/images/synthetic_image_0998.jpg,Yes,Yes,Clay,53,1
0999,/images/synthetic_image_0999.jpg,Yes,Yes,Loamy,80,1
1000,/images/synthetic_image_1000.jpg,No,Yes,Sandy,77,1
